Workbook

Sheet Palnilla
B3: PLANILLA INSCRIPCIÓN LIGADOS VELOCIDAD 2026 - 2027
B4: Evento | J4: Fecha
B5: Club | J5: Liga
B6: Presidente | J6: Numero Id. Presid.
B7: Delegado | J7: Telefono Del.
B8: Entrenador | J8: Telefono Ent.
B9: Valor Inscripción Ordinaria Club | E9: 161000 | F9: Valor Ins Ord Dep | H9: 79200 | J9: Cant Dep Inscritos | K9: =COUNTIF(I11:I50, ">0") -> 0 | L9: Valor a Pagar | N9: =IF(K9>0,E9+(H9*K9), "0") -> 0
B10: Cont | C10: # Comp | D10: Nombres | E10: Apellidos | F10: Rama | G10: Dia | H10: Mes | I10: Año | J10: Categoría | K10: Tipo Registro | L10: Tipo Doc | M10: Num Doc | N10: P1 | O10: P2 | P10: P3 | Q10: P4 | R10: P5
B11: 1 | J11: =IF(I11>0,BD!H3," ")
B12: 2 | J12: =IF(I12>0,BD!H4," ")
B13: 3 | J13: =IF(I13>0,BD!H5," ")
B14: 4 | J14: =IF(I14>0,BD!H6," ")
B15: 5 | J15: =IF(I15>0,BD!H7," ")
B16: 6 | J16: =IF(I16>0,BD!H8," ")
B17: 7 | J17: =IF(I17>0,BD!H9," ")
B18: 8 | J18: =IF(I18>0,BD!H10," ")
B19: 9 | J19: =IF(I19>0,BD!H11," ")
B20: 10 | J20: =IF(I20>0,BD!H12," ")
B21: 11 | J21: =IF(I21>0,BD!H13," ")
B22: 12 | J22: =IF(I22>0,BD!H14," ")
... B50: 40 | J50: =IF(I50>0,BD!H42," ")

Sheet BD
B2: # Comp | C2: Nombres | D2: Apellidos | E2: Rama | F2: Fecha Nac | G2: Edad | H2: Categoría | I2: Tipo Registro | J2: Tipo Doc | K2: Num Doc | L2: Club | M2: P1 | N2: P2 | O2: P3 | P2: P4 | Q2: P5
B3: =IF(Palnilla!I11>0,Palnilla!C11," ") | C3: =UPPER(Palnilla!D11) | D3: =UPPER(Palnilla!E11) | E3: =UPPER(Palnilla!F11) | F3: =IF(Palnilla!I11>0, DATE(Palnilla!I11,Palnilla!H11,Palnilla!G11)," ") | G3: =IF(Palnilla!I11>0, DATEDIF(F3,Control!$I$2,"y"), " ") | H3: {=IF(Palnilla!I11>0,_xlfn.IFS(G3=6,"MINI 7 AÑOS",G3=7,"MINI 7 AÑOS",G3=8,"MINI 8 AÑOS",G3=9,"MINI 9 AÑOS",G3=10,"MINI 10 AÑOS",G3=11,"PREINFANTIL 11 AÑOS",G3=12,"INFANTIL 12 AÑOS",G3=13,"JUNIOR 13 AÑOS",G3=14,"PREJUVENIL",G3=15,"JUVENIL 1ER AÑO",G3=16,"JUVENIL 2DO AÑO",G3=17,"JUVENIL 3ER AÑO",G3>17,"MAYORES")," ")} | I3: =UPPER(Palnilla!K11) | J3: =UPPER(Palnilla!L11) | K3: =IF(Palnilla!I11>0,Palnilla!M11, " ") | L3: =IF(Palnilla!I11>0, UPPER(Palnilla!$D$5)," ") | M3: =IF(Palnilla!I11>0, UPPER(Palnilla!N11), " ") | N3: =IF(Palnilla!I11>0, UPPER(Palnilla!O11), " ") | O3: =IF(Palnilla!I11>0, UPPER(Palnilla!P11), " ") | P3: =IF(Palnilla!I11>0, UPPER(Palnilla!Q11), " ") | Q3: =IF(Palnilla!I11>0, UPPER(Palnilla!R11), " ")
B4: =IF(Palnilla!I12>0,Palnilla!C12," ") | C4: =UPPER(Palnilla!D12) | D4: =UPPER(Palnilla!E12) | E4: =UPPER(Palnilla!F12) | F4: =IF(Palnilla!I12>0, DATE(Palnilla!I12,Palnilla!H12,Palnilla!G12)," ") | G4: =IF(Palnilla!I12>0, DATEDIF(F4,Control!$I$2,"y"), " ") | H4: {=IF(Palnilla!I12>0,_xlfn.IFS(G4=6,"MINI 7 AÑOS",G4=7,"MINI 7 AÑOS",G4=8,"MINI 8 AÑOS",G4=9,"MINI 9 AÑOS",G4=10,"MINI 10 AÑOS",G4=11,"PREINFANTIL 11 AÑOS",G4=12,"INFANTIL 12 AÑOS",G4=13,"JUNIOR 13 AÑOS",G4=14,"PREJUVENIL",G4=15,"JUVENIL 1ER AÑO",G4=16,"JUVENIL 2DO AÑO",G4=17,"JUVENIL 3ER AÑO",G4>17,"MAYORES")," ")} | I4: =UPPER(Palnilla!K12) | J4: =UPPER(Palnilla!L12) | K4: =IF(Palnilla!I12>0,Palnilla!M12, " ") | L4: =IF(Palnilla!I12>0, UPPER(Palnilla!$D$5)," ") | M4: =IF(Palnilla!I12>0, UPPER(Palnilla!N12), " ") | N4: =IF(Palnilla!I12>0, UPPER(Palnilla!O12), " ") | O4: =IF(Palnilla!I12>0, UPPER(Palnilla!P12), " ") | P4: =IF(Palnilla!I12>0, UPPER(Palnilla!Q12), " ") | Q4: =IF(Palnilla!I12>0, UPPER(Palnilla!R12), " ")
B5: =IF(Palnilla!I13>0,Palnilla!C13," ") | C5: =UPPER(Palnilla!D13) | D5: =UPPER(Palnilla!E13) | E5: =UPPER(Palnilla!F13) | F5: =IF(Palnilla!I13>0, DATE(Palnilla!I13,Palnilla!H13,Palnilla!G13)," ") | G5: =IF(Palnilla!I13>0, DATEDIF(F5,Control!$I$2,"y"), " ") | H5: {=IF(Palnilla!I13>0,_xlfn.IFS(G5=6,"MINI 7 AÑOS",G5=7,"MINI 7 AÑOS",G5=8,"MINI 8 AÑOS",G5=9,"MINI 9 AÑOS",G5=10,"MINI 10 AÑOS",G5=11,"PREINFANTIL 11 AÑOS",G5=12,"INFANTIL 12 AÑOS",G5=13,"JUNIOR 13 AÑOS",G5=14,"PREJUVENIL",G5=15,"JUVENIL 1ER AÑO",G5=16,"JUVENIL 2DO AÑO",G5=17,"JUVENIL 3ER AÑO",G5>17,"MAYORES")," ")} | I5: =UPPER(Palnilla!K13) | J5: =UPPER(Palnilla!L13) | K5: =IF(Palnilla!I13>0,Palnilla!M13, " ") | L5: =IF(Palnilla!I13>0, UPPER(Palnilla!$D$5)," ") | M5: =IF(Palnilla!I13>0, UPPER(Palnilla!N13), " ") | N5: =IF(Palnilla!I13>0, UPPER(Palnilla!O13), " ") | O5: =IF(Palnilla!I13>0, UPPER(Palnilla!P13), " ") | P5: =IF(Palnilla!I13>0, UPPER(Palnilla!Q13), " ") | Q5: =IF(Palnilla!I13>0, UPPER(Palnilla!R13), " ")
B6: =IF(Palnilla!I14>0,Palnilla!C14," ") | C6: =UPPER(Palnilla!D14) | D6: =UPPER(Palnilla!E14) | E6: =UPPER(Palnilla!F14) | F6: =IF(Palnilla!I14>0, DATE(Palnilla!I14,Palnilla!H14,Palnilla!G14)," ") | G6: =IF(Palnilla!I14>0, DATEDIF(F6,Control!$I$2,"y"), " ") | H6: {=IF(Palnilla!I14>0,_xlfn.IFS(G6=6,"MINI 7 AÑOS",G6=7,"MINI 7 AÑOS",G6=8,"MINI 8 AÑOS",G6=9,"MINI 9 AÑOS",G6=10,"MINI 10 AÑOS",G6=11,"PREINFANTIL 11 AÑOS",G6=12,"INFANTIL 12 AÑOS",G6=13,"JUNIOR 13 AÑOS",G6=14,"PREJUVENIL",G6=15,"JUVENIL 1ER AÑO",G6=16,"JUVENIL 2DO AÑO",G6=17,"JUVENIL 3ER AÑO",G6>17,"MAYORES")," ")} | I6: =UPPER(Palnilla!K14) | J6: =UPPER(Palnilla!L14) | K6: =IF(Palnilla!I14>0,Palnilla!M14, " ") | L6: =IF(Palnilla!I14>0, UPPER(Palnilla!$D$5)," ") | M6: =IF(Palnilla!I14>0, UPPER(Palnilla!N14), " ") | N6: =IF(Palnilla!I14>0, UPPER(Palnilla!O14), " ") | O6: =IF(Palnilla!I14>0, UPPER(Palnilla!P14), " ") | P6: =IF(Palnilla!I14>0, UPPER(Palnilla!Q14), " ") | Q6: =IF(Palnilla!I14>0, UPPER(Palnilla!R14), " ")
B7: =IF(Palnilla!I15>0,Palnilla!C15," ") | C7: =UPPER(Palnilla!D15) | D7: =UPPER(Palnilla!E15) | E7: =UPPER(Palnilla!F15) | F7: =IF(Palnilla!I15>0, DATE(Palnilla!I15,Palnilla!H15,Palnilla!G15)," ") | G7: =IF(Palnilla!I15>0, DATEDIF(F7,Control!$I$2,"y"), " ") | H7: {=IF(Palnilla!I15>0,_xlfn.IFS(G7=6,"MINI 7 AÑOS",G7=7,"MINI 7 AÑOS",G7=8,"MINI 8 AÑOS",G7=9,"MINI 9 AÑOS",G7=10,"MINI 10 AÑOS",G7=11,"PREINFANTIL 11 AÑOS",G7=12,"INFANTIL 12 AÑOS",G7=13,"JUNIOR 13 AÑOS",G7=14,"PREJUVENIL",G7=15,"JUVENIL 1ER AÑO",G7=16,"JUVENIL 2DO AÑO",G7=17,"JUVENIL 3ER AÑO",G7>17,"MAYORES")," ")} | I7: =UPPER(Palnilla!K15) | J7: =UPPER(Palnilla!L15) | K7: =IF(Palnilla!I15>0,Palnilla!M15, " ") | L7: =IF(Palnilla!I15>0, UPPER(Palnilla!$D$5)," ") | M7: =IF(Palnilla!I15>0, UPPER(Palnilla!N15), " ") | N7: =IF(Palnilla!I15>0, UPPER(Palnilla!O15), " ") | O7: =IF(Palnilla!I15>0, UPPER(Palnilla!P15), " ") | P7: =IF(Palnilla!I15>0, UPPER(Palnilla!Q15), " ") | Q7: =IF(Palnilla!I15>0, UPPER(Palnilla!R15), " ")
B8: =IF(Palnilla!I16>0,Palnilla!C16," ") | C8: =UPPER(Palnilla!D16) | D8: =UPPER(Palnilla!E16) | E8: =UPPER(Palnilla!F16) | F8: =IF(Palnilla!I16>0, DATE(Palnilla!I16,Palnilla!H16,Palnilla!G16)," ") | G8: =IF(Palnilla!I16>0, DATEDIF(F8,Control!$I$2,"y"), " ") | H8: {=IF(Palnilla!I16>0,_xlfn.IFS(G8=6,"MINI 7 AÑOS",G8=7,"MINI 7 AÑOS",G8=8,"MINI 8 AÑOS",G8=9,"MINI 9 AÑOS",G8=10,"MINI 10 AÑOS",G8=11,"PREINFANTIL 11 AÑOS",G8=12,"INFANTIL 12 AÑOS",G8=13,"JUNIOR 13 AÑOS",G8=14,"PREJUVENIL",G8=15,"JUVENIL 1ER AÑO",G8=16,"JUVENIL 2DO AÑO",G8=17,"JUVENIL 3ER AÑO",G8>17,"MAYORES")," ")} | I8: =UPPER(Palnilla!K16) | J8: =UPPER(Palnilla!L16) | K8: =IF(Palnilla!I16>0,Palnilla!M16, " ") | L8: =IF(Palnilla!I16>0, UPPER(Palnilla!$D$5)," ") | M8: =IF(Palnilla!I16>0, UPPER(Palnilla!N16), " ") | N8: =IF(Palnilla!I16>0, UPPER(Palnilla!O16), " ") | O8: =IF(Palnilla!I16>0, UPPER(Palnilla!P16), " ") | P8: =IF(Palnilla!I16>0, UPPER(Palnilla!Q16), " ") | Q8: =IF(Palnilla!I16>0, UPPER(Palnilla!R16), " ")
B9: =IF(Palnilla!I17>0,Palnilla!C17," ") | C9: =UPPER(Palnilla!D17) | D9: =UPPER(Palnilla!E17) | E9: =UPPER(Palnilla!F17) | F9: =IF(Palnilla!I17>0, DATE(Palnilla!I17,Palnilla!H17,Palnilla!G17)," ") | G9: =IF(Palnilla!I17>0, DATEDIF(F9,Control!$I$2,"y"), " ") | H9: {=IF(Palnilla!I17>0,_xlfn.IFS(G9=6,"MINI 7 AÑOS",G9=7,"MINI 7 AÑOS",G9=8,"MINI 8 AÑOS",G9=9,"MINI 9 AÑOS",G9=10,"MINI 10 AÑOS",G9=11,"PREINFANTIL 11 AÑOS",G9=12,"INFANTIL 12 AÑOS",G9=13,"JUNIOR 13 AÑOS",G9=14,"PREJUVENIL",G9=15,"JUVENIL 1ER AÑO",G9=16,"JUVENIL 2DO AÑO",G9=17,"JUVENIL 3ER AÑO",G9>17,"MAYORES")," ")} | I9: =UPPER(Palnilla!K17) | J9: =UPPER(Palnilla!L17) | K9: =IF(Palnilla!I17>0,Palnilla!M17, " ") | L9: =IF(Palnilla!I17>0, UPPER(Palnilla!$D$5)," ") | M9: =IF(Palnilla!I17>0, UPPER(Palnilla!N17), " ") | N9: =IF(Palnilla!I17>0, UPPER(Palnilla!O17), " ") | O9: =IF(Palnilla!I17>0, UPPER(Palnilla!P17), " ") | P9: =IF(Palnilla!I17>0, UPPER(Palnilla!Q17), " ") | Q9: =IF(Palnilla!I17>0, UPPER(Palnilla!R17), " ")
B10: =IF(Palnilla!I18>0,Palnilla!C18," ") | C10: =UPPER(Palnilla!D18) | D10: =UPPER(Palnilla!E18) | E10: =UPPER(Palnilla!F18) | F10: =IF(Palnilla!I18>0, DATE(Palnilla!I18,Palnilla!H18,Palnilla!G18)," ") | G10: =IF(Palnilla!I18>0, DATEDIF(F10,Control!$I$2,"y"), " ") | H10: {=IF(Palnilla!I18>0,_xlfn.IFS(G10=6,"MINI 7 AÑOS",G10=7,"MINI 7 AÑOS",G10=8,"MINI 8 AÑOS",G10=9,"MINI 9 AÑOS",G10=10,"MINI 10 AÑOS",G10=11,"PREINFANTIL 11 AÑOS",G10=12,"INFANTIL 12 AÑOS",G10=13,"JUNIOR 13 AÑOS",G10=14,"PREJUVENIL",G10=15,"JUVENIL 1ER AÑO",G10=16,"JUVENIL 2DO AÑO",G10=17,"JUVENIL 3ER AÑO",G10>17,"MAYORES")," ")} | I10: =UPPER(Palnilla!K18) | J10: =UPPER(Palnilla!L18) | K10: =IF(Palnilla!I18>0,Palnilla!M18, " ") | L10: =IF(Palnilla!I18>0, UPPER(Palnilla!$D$5)," ") | M10: =IF(Palnilla!I18>0, UPPER(Palnilla!N18), " ") | N10: =IF(Palnilla!I18>0, UPPER(Palnilla!O18), " ") | O10: =IF(Palnilla!I18>0, UPPER(Palnilla!P18), " ") | P10: =IF(Palnilla!I18>0, UPPER(Palnilla!Q18), " ") | Q10: =IF(Palnilla!I18>0, UPPER(Palnilla!R18), " ")
B11: =IF(Palnilla!I19>0,Palnilla!C19," ") | C11: =UPPER(Palnilla!D19) | D11: =UPPER(Palnilla!E19) | E11: =UPPER(Palnilla!F19) | F11: =IF(Palnilla!I19>0, DATE(Palnilla!I19,Palnilla!H19,Palnilla!G19)," ") | G11: =IF(Palnilla!I19>0, DATEDIF(F11,Control!$I$2,"y"), " ") | H11: {=IF(Palnilla!I19>0,_xlfn.IFS(G11=6,"MINI 7 AÑOS",G11=7,"MINI 7 AÑOS",G11=8,"MINI 8 AÑOS",G11=9,"MINI 9 AÑOS",G11=10,"MINI 10 AÑOS",G11=11,"PREINFANTIL 11 AÑOS",G11=12,"INFANTIL 12 AÑOS",G11=13,"JUNIOR 13 AÑOS",G11=14,"PREJUVENIL",G11=15,"JUVENIL 1ER AÑO",G11=16,"JUVENIL 2DO AÑO",G11=17,"JUVENIL 3ER AÑO",G11>17,"MAYORES")," ")} | I11: =UPPER(Palnilla!K19) | J11: =UPPER(Palnilla!L19) | K11: =IF(Palnilla!I19>0,Palnilla!M19, " ") | L11: =IF(Palnilla!I19>0, UPPER(Palnilla!$D$5)," ") | M11: =IF(Palnilla!I19>0, UPPER(Palnilla!N19), " ") | N11: =IF(Palnilla!I19>0, UPPER(Palnilla!O19), " ") | O11: =IF(Palnilla!I19>0, UPPER(Palnilla!P19), " ") | P11: =IF(Palnilla!I19>0, UPPER(Palnilla!Q19), " ") | Q11: =IF(Palnilla!I19>0, UPPER(Palnilla!R19), " ")
B12: =IF(Palnilla!I20>0,Palnilla!C20," ") | C12: =UPPER(Palnilla!D20) | D12: =UPPER(Palnilla!E20) | E12: =UPPER(Palnilla!F20) | F12: =IF(Palnilla!I20>0, DATE(Palnilla!I20,Palnilla!H20,Palnilla!G20)," ") | G12: =IF(Palnilla!I20>0, DATEDIF(F12,Control!$I$2,"y"), " ") | H12: {=IF(Palnilla!I20>0,_xlfn.IFS(G12=6,"MINI 7 AÑOS",G12=7,"MINI 7 AÑOS",G12=8,"MINI 8 AÑOS",G12=9,"MINI 9 AÑOS",G12=10,"MINI 10 AÑOS",G12=11,"PREINFANTIL 11 AÑOS",G12=12,"INFANTIL 12 AÑOS",G12=13,"JUNIOR 13 AÑOS",G12=14,"PREJUVENIL",G12=15,"JUVENIL 1ER AÑO",G12=16,"JUVENIL 2DO AÑO",G12=17,"JUVENIL 3ER AÑO",G12>17,"MAYORES")," ")} | I12: =UPPER(Palnilla!K20) | J12: =UPPER(Palnilla!L20) | K12: =IF(Palnilla!I20>0,Palnilla!M20, " ") | L12: =IF(Palnilla!I20>0, UPPER(Palnilla!$D$5)," ") | M12: =IF(Palnilla!I20>0, UPPER(Palnilla!N20), " ") | N12: =IF(Palnilla!I20>0, UPPER(Palnilla!O20), " ") | O12: =IF(Palnilla!I20>0, UPPER(Palnilla!P20), " ") | P12: =IF(Palnilla!I20>0, UPPER(Palnilla!Q20), " ") | Q12: =IF(Palnilla!I20>0, UPPER(Palnilla!R20), " ")
B13: =IF(Palnilla!I21>0,Palnilla!C21," ") | C13: =UPPER(Palnilla!D21) | D13: =UPPER(Palnilla!E21) | E13: =UPPER(Palnilla!F21) | F13: =IF(Palnilla!I21>0, DATE(Palnilla!I21,Palnilla!H21,Palnilla!G21)," ") | G13: =IF(Palnilla!I21>0, DATEDIF(F13,Control!$I$2,"y"), " ") | H13: {=IF(Palnilla!I21>0,_xlfn.IFS(G13=6,"MINI 7 AÑOS",G13=7,"MINI 7 AÑOS",G13=8,"MINI 8 AÑOS",G13=9,"MINI 9 AÑOS",G13=10,"MINI 10 AÑOS",G13=11,"PREINFANTIL 11 AÑOS",G13=12,"INFANTIL 12 AÑOS",G13=13,"JUNIOR 13 AÑOS",G13=14,"PREJUVENIL",G13=15,"JUVENIL 1ER AÑO",G13=16,"JUVENIL 2DO AÑO",G13=17,"JUVENIL 3ER AÑO",G13>17,"MAYORES")," ")} | I13: =UPPER(Palnilla!K21) | J13: =UPPER(Palnilla!L21) | K13: =IF(Palnilla!I21>0,Palnilla!M21, " ") | L13: =IF(Palnilla!I21>0, UPPER(Palnilla!$D$5)," ") | M13: =IF(Palnilla!I21>0, UPPER(Palnilla!N21), " ") | N13: =IF(Palnilla!I21>0, UPPER(Palnilla!O21), " ") | O13: =IF(Palnilla!I21>0, UPPER(Palnilla!P21), " ") | P13: =IF(Palnilla!I21>0, UPPER(Palnilla!Q21), " ") | Q13: =IF(Palnilla!I21>0, UPPER(Palnilla!R21), " ")
B14: =IF(Palnilla!I22>0,Palnilla!C22," ") | C14: =UPPER(Palnilla!D22) | D14: =UPPER(Palnilla!E22) | E14: =UPPER(Palnilla!F22) | F14: =IF(Palnilla!I22>0, DATE(Palnilla!I22,Palnilla!H22,Palnilla!G22)," ") | G14: =IF(Palnilla!I22>0, DATEDIF(F14,Control!$I$2,"y"), " ") | H14: {=IF(Palnilla!I22>0,_xlfn.IFS(G14=6,"MINI 7 AÑOS",G14=7,"MINI 7 AÑOS",G14=8,"MINI 8 AÑOS",G14=9,"MINI 9 AÑOS",G14=10,"MINI 10 AÑOS",G14=11,"PREINFANTIL 11 AÑOS",G14=12,"INFANTIL 12 AÑOS",G14=13,"JUNIOR 13 AÑOS",G14=14,"PREJUVENIL",G14=15,"JUVENIL 1ER AÑO",G14=16,"JUVENIL 2DO AÑO",G14=17,"JUVENIL 3ER AÑO",G14>17,"MAYORES")," ")} | I14: =UPPER(Palnilla!K22) | J14: =UPPER(Palnilla!L22) | K14: =IF(Palnilla!I22>0,Palnilla!M22, " ") | L14: =IF(Palnilla!I22>0, UPPER(Palnilla!$D$5)," ") | M14: =IF(Palnilla!I22>0, UPPER(Palnilla!N22), " ") | N14: =IF(Palnilla!I22>0, UPPER(Palnilla!O22), " ") | O14: =IF(Palnilla!I22>0, UPPER(Palnilla!P22), " ") | P14: =IF(Palnilla!I22>0, UPPER(Palnilla!Q22), " ") | Q14: =IF(Palnilla!I22>0, UPPER(Palnilla!R22), " ")
... B42: =IF(Palnilla!I50>0,Palnilla!C50," ") | C42: =UPPER(Palnilla!D50) | D42: =UPPER(Palnilla!E50) | E42: =UPPER(Palnilla!F50) | F42: =IF(Palnilla!I50>0, DATE(Palnilla!I50,Palnilla!H50,Palnilla!G50)," ") | G42: =IF(Palnilla!I50>0, DATEDIF(F42,Control!$I$2,"y"), " ") | H42: {=IF(Palnilla!I50>0,_xlfn.IFS(G42=6,"MINI 7 AÑOS",G42=7,"MINI 7 AÑOS",G42=8,"MINI 8 AÑOS",G42=9,"MINI 9 AÑOS",G42=10,"MINI 10 AÑOS",G42=11,"PREINFANTIL 11 AÑOS",G42=12,"INFANTIL 12 AÑOS",G42=13,"JUNIOR 13 AÑOS",G42=14,"PREJUVENIL",G42=15,"JUVENIL 1ER AÑO",G42=16,"JUVENIL 2DO AÑO",G42=17,"JUVENIL 3ER AÑO",G42>17,"MAYORES")," ")} | I42: =UPPER(Palnilla!K50) | J42: =UPPER(Palnilla!L50) | K42: =IF(Palnilla!I50>0,Palnilla!M50, " ") | L42: =IF(Palnilla!I50>0, UPPER(Palnilla!$D$5)," ") | M42: =IF(Palnilla!I50>0, UPPER(Palnilla!N50), " ") | N42: =IF(Palnilla!I50>0, UPPER(Palnilla!O50), " ") | O42: =IF(Palnilla!I50>0, UPPER(Palnilla!P50), " ") | P42: =IF(Palnilla!I50>0, UPPER(Palnilla!Q50), " ") | Q42: =IF(Palnilla!I50>0, UPPER(Palnilla!R50), " ")

Sheet Control
B1: RAMA | C1: DIA | D1: MES | E1: AÑO | F1: TIPO REGISTRO | G1: TIPO DOC | H1: INS PRUEBAS | I1: Fecha de corte
B2: DAMAS | C2: 1 | D2: 1 | E2: 2021 | F2: ANTIGUO | G2: TI | H2: X | I2: 46204
B3: VARONES | C3: 2 | D3: 2 | E3: 2020 | F3: NUEVO | G3: CC
C4: 3 | D4: 3 | E4: 2019 | F4: INVITADO | G4: PAS
C5: 4 | D5: 4 | E5: 2018 | G5: OTRO
C6: 5 | D6: 5 | E6: 2017
C7: 6 | D7: 6 | E7: 2016
C8: 7 | D8: 7 | E8: 2015
C9: 8 | D9: 8 | E9: 2014
C10: 9 | D10: 9 | E10: 2013
C11: 10 | D11: 10 | E11: 2012
C12: 11 | D12: 11 | E12: 2011
C13: 12 | D13: 12 | E13: 2010
C14: 13 | E14: 2009
C15: 14 | E15: 2008
C16: 15 | E16: 2007
C17: 16 | E17: 2006
C18: 17 | E18: 2005
C19: 18 | E19: 2004
C20: 19 | E20: 2003
C21: 20 | E21: 2002
C22: 21 | E22: 2001
C23: 22 | E23: 2000
C24: 23 | E24: 1999
C25: 24 | E25: 1998
... C32: 31 | E32: 1991
E33: 1990
E34: 1989
E35: 1988
E36: 1987
E37: 1986
E38: 1985
E39: 1984
E40: 1983
E41: 1982
E42: 1981
E43: 1980
E44: 1979
... E53: 1970
